3/22/2014 11:00:46,
Time (ms),R-R (ms)
-6627,704
-5911,716
-5195,716
-4475,720
-3759,716
-3079,680
-2407,672
-1739,668
-1083,656
-431,652
205,636
833,628
1457,624
2081,624
2713,632
3345,632
3977,632
4649,672
5317,668
5977,660
6625,648
7269,644
7897,628
8517,620
9117,600
9709,592
10305,596
10913,608
11553,640
12205,652
12885,680
13593,708
14313,720
15037,724
15753,716
16481,728
17205,724
17941,736
18681,740
19397,716
20065,668
20725,660
21369,644
22017,648
22693,676
23369,676
24049,680
24745,696
25453,708
26149,696
26841,692
27525,684
28205,680
28845,640
29481,636
30101,620
30717,616
31305,588
31893,588
32477,584
33061,584
33649,588
34245,596
34857,612
35533,676
36229,696
36889,660
37537,648
38185,648
38825,640
39473,648
40121,648
40753,632
41373,620
41981,608
42577,596
43165,588
43749,584
44329,580
44909,580
45481,572
46049,568
46605,556
47165,560
47721,556
48277,556
48837,560
49393,556
49949,556
50501,552
51069,568
51649,580
52229,580
52817,588
53409,592
54001,592
54601,600
55197,596
55793,596
56385,592
56965,580
57541,576
58113,572
58677,564
59233,556
59793,560
60361,568
60929,568
61493,564
62057,564
62617,560
63181,564
63749,568
64317,568
64889,572
65461,572
66029,568
66589,560
67141,552
67689,548
68233,544
68777,544
69325,548
69861,536
70397,536
70933,536
71469,536
72001,532
72541,540
73081,540
73633,552
74185,552
74737,552
75297,560
75865,568
76433,568
77005,572
77573,568
78141,568
78701,560
79253,552
79801,548
80345,544
80881,536
81421,540
81957,536
82497,540
83053,556
83637,584
84225,588
84809,584
85389,580
85973,584
86557,584
87153,596
87749,596
88345,596
88937,592
89529,592
90137,608
90757,620
91389,632
92013,624
92625,612
93233,608
93829,596
94429,600
95025,596
95613,588
96213,600
96845,632
97501,656
98169,668
98825,656
99469,644
100101,632
100737,636
101333,596
101937,604
102553,616
103177,624
103793,616
104393,600
104989,596
105593,604
106189,596
106785,596
107365,580
107937,572
108501,564
109057,556
109605,548
110149,544
110689,540
111225,536
111757,532
112285,528
112809,524
113329,520
113853,524
114381,528
114917,536
115457,540
116005,548
116545,540
117085,540
117617,532
118149,532
118689,540
119245,556
119813,568
120373,560
120929,556
121485,556
122045,560
122605,560
123165,560
123721,556
124269,548
124817,548
125369,552
125913,544
126457,544
126997,540
127541,544
128093,552
128645,552
129197,552
129749,552
130301,552
130841,540
131377,536
131905,528
132429,524
132949,520
133473,524
133997,524
134537,540
135085,548
135625,540
136177,552
136733,556
137301,568
137861,560
138433,572
139021,588
139613,592
140197,584
140773,576
141353,580
141933,580
142513,580
143089,576
143657,568
144213,556
144757,544
145297,540
145829,532
146353,524
146873,520
147401,528
147961,560
148577,616
149257,680
149941,684
150593,652
151237,644
151885,648
152549,664
153277,728
153985,708
154677,692
155377,700
156145,768
156873,728
157585,712
158257,672
158881,624
159501,620
160125,624
160749,624
161381,632
162005,624
162637,632
163333,696
164077,744
164845,768
165585,740
166309,724
167029,720
167713,684
168377,664
169037,660
169717,680
170417,700
171097,680
171801,704
172561,760
173305,744
174025,720
174733,708
175397,664
176073,676
176761,688
177441,680
178109,668
178765,656
179413,648
180085,672
180789,704
181493,704
182193,700
182869,676
183537,668
184197,660
184845,648
185497,652
186153,656
186841,688
187545,704
188209,664
188885,676
189593,708
190337,744
191073,736
191789,716
192493,704
193173,680
193841,668
194489,648
195129,640
195761,632
196393,632
197025,632
197649,624
198273,624
198929,656
199589,660
200269,680
200945,676
201605,660
202265,660
202897,632
203513,616
204121,608
204729,608
205341,612
205945,604
206553,608
207153,600
207745,592
208329,584
208909,580
209489,580
210069,580
210657,588
211261,604
211905,644
212589,684
213309,720
213997,688
214669,672
215329,660
215973,644
216609,636
217229,620
217837,608
218429,592
219017,588
219593,576
220161,568
220713,552
221269,556
221845,576
222433,588
223017,584
223589,572
224173,584
224761,588
225345,584
225941,596
226557,616
227181,624
227805,624
228417,612
229025,608
229621,596
230213,592
230805,592
231437,632
232097,660
232809,712
233521,712
234229,708
234921,692
235613,692
236317,704
237017,700
237709,692
238377,668
239029,652
239673,644
240325,652
240977,652
241637,660
242281,644
242937,656
243597,660
244257,660
244905,648
245533,628
246157,624
246789,632
247437,648
248073,636
248709,636
249365,656
250017,652
250681,664
251329,648
251965,636
252597,632
253229,632
253861,632
254489,628
255105,616
255709,604
256309,600
256897,588
257477,580
258049,572
258613,564
259181,568
259765,584
260349,584
260961,612
261581,620
262189,608
262785,596
263373,588
263949,576
264521,572
265085,564
265657,572
266225,568
266793,568
267361,568
267937,576
268533,596
269133,600
269769,636
270421,652
271101,680
271801,700
272537,736
273249,712
273929,680
274609,680
275281,672
275933,652
276565,632
277177,612
277785,608
278401,616
279001,600
279597,596
280209,612
280845,636
281489,644
282117,628
282753,636
283405,652
284077,672
284745,668
285397,652
286033,636
286677,644
287297,620
287913,616
288545,632
289193,648
289825,632
290461,636
291097,636
291733,636
292361,628
292981,620
293589,608
294197,608
294797,600
295393,596
295969,576
296549,580
297137,588
297773,636
298445,672
299113,668
299841,728
300585,744
301297,712
301985,688
302677,692
303357,680
304013,656
304653,640
305277,624
305893,616
306501,608
307101,600
307725,624
308365,640
309005,640
309641,636
310281,640
310901,620
311509,608
312133,624
312769,636
313417,648
314113,696
314821,708
315529,708
316221,692
316901,680
317581,680
318233,652
318869,636
319489,620
320109,620
320761,652
321433,672
322097,664
322777,680
323481,704
324197,716
324917,720
325621,704
326325,704
326985,660
327625,640
328253,628
328877,624
329493,616
330089,596
330677,588
331269,592
331873,604
332497,624
333133,636
333761,628
334381,620
334985,604
335577,592
336169,592
336781,612
337393,612
338025,632
338653,628
339281,628
339889,608
340493,604
341105,612
341725,620
342369,644
343009,640
343653,644
344313,660
344985,672
345645,660
346285,640
346909,624
347517,608
348117,600
348713,596
349293,580
349869,576
350453,584
351073,620
351733,660
352393,660
353085,692
353817,732
354605,788
355361,756
356077,716
356793,716
357509,716
358209,700
358877,668
359521,644
360141,620
360749,608
361345,596
361933,588
362525,592
363129,604
363749,620
364377,628
365013,636
365641,628
366269,628
366889,620
367505,616
368125,620
368789,664
369473,684
370169,696
370861,692
371529,668
372177,648
372809,632
373433,624
374065,632
374709,644
375349,640
375981,632
376597,616
377205,608
377801,596
378393,592
378973,580
379557,584
380133,576
380729,596
381345,616
381997,652
382673,676
383349,676
384037,688
384689,652
385345,656
386013,668
386669,656
387317,648
387949,632
388573,624
389193,620
389805,612
390433,628
391061,628
391689,628
392309,620
392925,616
393533,608
394129,596
394725,596
395325,600
395933,608
396545,612
397157,612
397765,608
398361,596
398945,584
399521,576
400089,568
400645,556
401197,552
401745,548
402309,564
402897,588
403589,692
404301,712
404993,692
405637,644
406273,636
406897,624
407517,620
408133,616
408761,628
409389,628
410009,620
410621,612
411225,604
411813,588
412385,572
412949,564
413509,560
414077,568
414657,580
415237,580
415833,596
416433,600
417037,604
417641,604
418237,596
418853,616
419493,640
420201,708
420973,772
421769,796
422545,776
423297,752
424041,744
424765,724
425453,688
426117,664
426753,636
427373,620
427989,616
428593,604
429193,600
429793,600
430389,596
430985,596
431589,604
432205,616
432809,604
433413,604
434037,624
434685,648
435341,656
435989,648
436653,664
437313,660
437965,652
438605,640
439241,636
439861,620
440469,608
441069,600
441657,588
442229,572
442809,580
443401,592
444025,624
444665,640
445325,660
446033,708
446745,712
447445,700
448133,688
448801,668
449453,652
450085,632
450701,616
451293,592
451877,584
452453,576
453029,576
453605,576
454185,580
454765,580
455341,576
455921,580
456517,596
457121,604
457705,584
458297,592
458925,628
459557,632
460185,628
460805,620
461429,624
462061,632
462701,640
463337,636
463965,628
464581,616
465193,612
465793,600
466389,596
466981,592
467577,596
468173,596
468785,612
469381,596
469993,612
470613,620
471253,640
471905,652
472533,628
473165,632
473793,628
474425,632
475061,636
475681,620
476285,604
476889,604
477489,600
478101,612
478733,632
479365,632
480013,648
480677,664
481353,676
482009,656
482669,660
483329,660
484001,672
484661,660
485313,652
485945,632
486569,624
487177,608
487769,592
488357,588
488941,584
489541,600
490185,644
490857,672
491537,680
492209,672
492881,672
493533,652
494173,640
494801,628
495417,616
496021,604
496617,596
497221,604
497841,620
498461,620
499093,632
499733,640
500373,640
501001,628
501625,624
502233,608
502829,596
503421,592
504025,604
504653,628
505305,652
505941,636
506589,648
507257,668
507957,700
508637,680
509309,672
509973,664
510621,648
511253,632
511861,608
512461,600
513073,612
513705,632
514349,644
514993,644
515669,676
516361,692
517069,708
517741,672
518409,668
519097,688
519773,676
520437,664
521077,640
521709,632
522345,636
523021,676
523701,680
524409,708
525129,720
525873,744
526577,704
527309,732
528021,712
528713,692
529397,684
530097,700
530785,688
531469,684
532141,672
532789,648
533421,632
534029,608
534629,600
535225,596
535841,616
536505,664
537177,672
537829,652
538497,668
539197,700
539921,724
540629,708
541321,692
542001,680
542653,652
543281,628
543897,616
544489,592
545077,588
545669,592
546305,636
546969,664
547653,684
548341,688
549001,660
549649,648
550273,624
550885,612
551481,596
552065,584
552641,576
553205,564
553769,564
554337,568
554925,588
555505,580
556121,616
556757,636
557393,636
558029,636
558673,644
559285,612
559889,604
560485,596
561073,588
561665,592
562273,608
562873,600
563465,592
564045,580
564613,568
565177,564
565737,560
566305,568
566881,576
567473,592
568069,596
568681,612
569285,604
569881,596
570473,592
571045,572
571621,576
572185,564
572757,572
573341,584
573937,596
574529,592
575109,580
575689,580
576289,600
576893,604
577489,596
578069,580
578645,576
579213,568
579773,560
580329,556
580881,552
581437,556
581997,560
582553,556
583109,556
583661,552
584217,556
584777,560
585361,584
585965,604
586593,628
587237,644
587873,636
588509,636
589161,652
589809,648
590445,636
591069,624
591677,608
592281,604
592877,596
593469,592
594073,604
594697,624
595333,636
595981,648
596617,636
597233,616
597865,632
598497,632
599137,640
599757,620
600369,612
600973,604
601561,588
602149,588
602741,592
603369,628
604013,644
604669,656
605345,676
605997,652
606637,640
607265,628
607885,620
608517,632
609141,624
609761,620
610369,608
610973,604
611565,592
612137,572
612697,560
613249,552
613805,556
614365,560
614949,584
615561,612
616213,652
616889,676
617569,680
618277,708
619005,728
619681,676
620333,652
620985,652
621641,656
622297,656
622937,640
623565,628
624181,616
624797,616
625413,616
626045,632
626725,680
627437,712
628197,760
628981,784
629765,784
630529,764
631277,748
632005,728
632725,720
633453,728
634173,720
634857,684
635541,684
636241,700
636937,696
637613,676
638289,676
638961,672
639633,672
640281,648
640921,640
641577,656
642229,652
642885,656
643525,640
644145,620
644761,616
645393,632
646041,648
646705,664
647381,676
648053,672
648717,664
649373,656
650025,652
650669,644
651285,616
651897,612
652509,612
653133,624
653773,640
654417,644
655061,644
655685,624
656301,616
656921,620
657545,624
658169,624
658805,636
659437,632
660065,628
660685,620
661301,616
661901,600
662509,608
663121,612
663733,612
664345,612
664961,616
665573,612
666177,604
666777,600
667365,588
667973,608
668581,608
669181,600
669777,596
670369,592
670953,584
671529,576
672105,576
672681,576
673269,588
673865,596
674473,608
675089,616
675725,636
676353,628
676977,624
677597,620
678217,620
678837,620
679453,616
680069,616
680673,604
681289,616
681921,632
682565,644
683225,660
683905,680
684605,700
685309,704
685997,688
686653,656
687285,632
687901,616
688505,604
689113,608
689753,640
690429,676
691137,708
691837,700
692521,684
693185,664
693813,628
694433,620
695037,604
695653,616
696293,640
696945,652
697593,648
698233,640
698869,636
699493,624
700097,604
700689,592
701277,588
701845,568
702413,568
702993,580
703585,592
704185,600
704793,608
705409,616
706025,616
706633,608
707229,596
707801,572
708373,572
708933,560
709489,556
710045,556
710601,556
711161,560
711721,560
712277,556
712825,548
713369,544
713905,536
714437,532
714965,528
715493,528
716025,532
716553,528
717089,536
717621,532
718153,532
718685,532
719213,528
719741,528
720265,524
720793,528
721329,536
721869,540
722421,552
722969,548
723529,560
724077,548
724625,548
725165,540
725705,540
726241,536
726777,536
727317,540
727857,540
728397,540
728929,532
729457,528
729985,528
730505,520
731025,520
731545,520
732077,532
732653,576
733277,624
733909,632
734621,712
735341,720
736113,772
736865,752
737577,712
738253,676
738897,644
739525,628
740137,612
740729,592
741309,580
741877,568
742433,556
742981,548
743521,540
744057,536
744585,528
745109,524
745629,520
746165,536
746729,564
747353,624
748021,668
748673,652
749313,640
749957,644
750617,660
751269,652
751917,648
752533,616
753125,592
753701,576
754265,564
754809,544
755349,540
755885,536
756429,544
756997,568
757585,588
758213,628
758861,648
759517,656
760181,664
760833,652
761465,632
762081,616
762685,604
763293,608
763889,596
764501,612
765117,616
765745,628
766381,636
767029,648
767681,652
768325,644
768953,628
769581,628
770217,636
770837,620
771449,612
772073,624
772717,644
773393,676
774069,676
774725,656
775377,652
776005,628
776617,612
777213,596
777805,592
778405,600
779009,604
779645,636
780269,624
780893,624
781529,636
782173,644
782837,664
783489,652
784129,640
784757,628
785365,608
785969,604
786553,584
787125,572
787685,560
788233,548
788777,544
789313,536
789853,540
790409,556
790977,568
791549,572
792137,588
792713,576
793281,568
793853,572
794429,576
795009,580
795597,588
796189,592
796781,592
797361,580
797933,572
798497,564
799061,564
799621,560
800185,564
800745,560
801305,560
801857,552
802405,548
802949,544
803521,572
804145,624
804817,672
805505,688
806189,684
806861,672
807509,648
808129,620
808729,600
809321,592
809893,572
810461,568
811017,556
811565,548
812113,548
812653,540
813185,532
814233,1048
814769,536
815325,556
815917,592
816525,608
817173,648
817825,652
818465,640
819081,616
819681,600
820261,580
820833,572
821393,560
821953,560
822509,556
823073,564
823633,560
824193,560
824757,564
825317,560
825873,556
826433,560
827009,576
827601,592
828205,604
828825,620
829497,672
830213,716
830953,740
831693,740
832429,736
833177,748
833901,724
834597,696
835261,664
835901,640
836525,624
837153,628
837797,644
838457,660
839101,644
839733,632
840353,620
840997,644
841673,676
842401,728
843121,720
843837,716
844541,704
845225,684
845881,656
846521,640
847153,632
847801,648
848453,652
849105,652
849745,640
850393,648
851057,664
851737,680
852413,676
853077,664
853737,660
854401,664
855053,652
855705,652
856365,660
857069,704
857785,716
858489,704
859185,696
859881,696
860565,684
861245,680
861901,656
862541,640
863181,640
863845,664
864497,652
865137,640
865777,640
866429,652
867097,668
867773,676
868441,668
869089,648
869745,656
870401,656
871073,672
871741,668
872389,648
873029,640
873681,652
874333,652
874981,648
875613,632
876225,612
876849,624
877493,644
878153,660
878817,664
879457,640
880097,640
880741,644
881385,644
882025,640
882657,632
883281,624
883913,632
884549,636
885161,612
885781,620
886409,628
887073,664
887713,640
888341,628
888949,608
889565,616
890185,620
890817,632
891429,612
892033,604
892637,604
893241,604
893833,592
894421,588
894997,576
895561,564
896153,592
896761,608
897405,644
898045,640
898693,648
899373,680
900069,696
900757,688
901421,664
902101,680
902773,672
903441,668
904093,652
904725,632
905333,608
905933,600
906525,592
907141,616
907785,644
908421,636
909057,636
909717,660
910409,692
911101,692
911785,684
912449,664
913109,660
913757,648
914393,636
915009,616
915629,620
916273,644
916921,648
917545,624
918173,628
918821,648
919481,660
920145,664
920797,652
921429,632
922045,616
922665,620
923297,632
923929,632
924565,636
925225,660
925921,696
926609,688
927297,688
927973,676
928625,652
929249,624
929865,616
930497,632
931153,656
931841,688
932533,692
933217,684
933893,676
934565,672
935233,668
935897,664
936541,644
937181,640
937821,640
938465,644
939101,636
939733,632
940365,632
941013,648
941649,636
942281,632
942941,660
943621,680
944313,692
944985,672
945649,664
946309,660
946957,648
947593,636
948217,624
948833,616
949449,616
950073,624
950697,624
951313,616
951945,632
952593,648
953277,684
953977,700
954657,680
955337,680
956013,676
956685,672
957337,652
957973,636
958605,632
959233,628
959849,616
960453,604
961057,604
961673,616
962309,636
962937,628
963565,628
964205,640
964841,636
965473,632
966101,628
966733,632
967353,620
967961,608
968581,620
969209,628
969865,656
970521,656
971177,656
971865,688
972581,716
973281,700
973961,680
974637,676
975321,684
975985,664
976637,652
977265,628
977885,620
978501,616
979125,624
979753,628
980405,652
981085,680
981785,700
982445,660
983097,652
983757,660
984429,672
985089,660
985733,644
986353,620
986957,604
987549,592
988145,596
988737,592
989329,592
989921,592
990501,580
991069,568
991665,596
992277,612
992937,660
993573,636
994197,624
994813,616
995405,592
995997,592
996597,600
997185,588
997769,584
998349,580
998925,576
999505,580
1000085,580
1000673,588
1001269,596
1001881,612
1002513,632
1003153,640
1003773,620
1004385,612
1005009,624
1005645,636
1006289,644
1006937,648
1007573,636
1008205,632
1008833,628
1009453,620
1010069,616
1010677,608
1011297,620
1011933,636
1012581,648
1013221,640
1013845,624
1014469,624
1015097,628
1015729,632
1016361,632
1016985,624
1017601,616
1018233,632
1018853,620
1019481,628
1020121,640
1020769,648
1021409,640
1022041,632
1022673,632
1023313,640
1023957,644
1024597,640
1025233,636
1025865,632
1026501,636
1027145,644
1027789,644
1028429,640
1029049,620
1029677,628
1030317,640
1030961,644
1031593,632
1032213,620
1032837,624
1033457,620
1034069,612
1034681,612
1035301,620
1035925,624
1036569,644
1037209,640
1037833,624
1038449,616
1039049,600
1039637,588
1040237,600
1040845,608
1041445,600
1042041,596
1042637,596
1043265,628
1043945,680
1044669,724
1045361,692
1046081,720
1046817,736
1047593,776
1048377,784
1049137,760
1049857,720
1050529,672
1051177,648
1051817,640
1052469,652
1053125,656
1053781,656
1054425,644
1055049,624
1055669,620
1056317,648
1056989,672
1057701,712
1058413,712
1059137,724
1059897,760
1060657,760
1061417,760
1062141,724
1062869,728
1063585,716
1064257,672
1064925,668
1065597,672
1066289,692
1067001,712
1067689,688
1068353,664
1069021,668
1069689,668
1070361,672
1071017,656
1071665,648
1072309,644
1072973,664
1073669,696
1074389,720
1075117,728
1075849,732
1076557,708
1077241,684
1077925,684
1078613,688
1079309,696
1080025,716
1080717,692
1081417,700
1082129,712
1082865,736
1083585,720
1084289,704
1084981,692
1085677,696
1086397,720
1087117,720
1087837,720
1088529,692
1089197,668
1089857,660
1090517,660
1091181,664
1091845,664
1092509,664
1093173,664
1093861,688
1094569,708
1095285,716
1095997,712
1096725,728
1097453,728
1098161,708
1098869,708
1099557,688
1100237,680
1100893,656
1101545,652
1102193,648
1102857,664
1103537,680
1104197,660
1104841,644
1105489,648
1106161,672
1106817,656
1107481,664
1108157,676
1108833,676
1109509,676
1110185,676
1110877,692
1111561,684
1112237,676
1112909,672
1113589,680
1114261,672
1114921,660
1115561,640
1116193,632
1116813,620
1117413,600
1118005,592
1118589,584
1119169,580
1119753,584
1120329,576
1120905,576
1121473,568
1122033,560
1122593,560
1123149,556
1123705,556
1124253,548
1124809,556
1125377,568
1125961,584
1126557,596
1127153,596
1127749,596
1128357,608
1128981,624
1129621,640
1130261,640
1130893,632
1131521,628
1132121,600
1132709,588
1133289,580
1133857,568
1134421,564
1134981,560
1135537,556
1136089,552
1136633,544
1137193,560
1137781,588
1138393,612
1139053,660
1139757,704
1140485,728
1141161,676
1141837,676
1142513,676
1143189,676
1143861,672
1144513,652
1145141,628
1145757,616
1146361,604
1146953,592
1147541,588
1148117,576
1148685,568
1149249,564
1149805,556
1150349,544
1150893,544
1151429,536
1151961,532
1152501,540
1153037,536
1153589,552
1154161,572
1154765,604
1155385,620
1156021,636
1156657,636
1157281,624
1157901,620
1158541,640
1159189,648
1159821,632
1160441,620
1161037,596
1161629,592
1162205,576
1162777,572
1163357,580
1163949,592
1164549,600
1165165,616
1165785,620
1166397,612
1167009,612
1167625,616
1168245,620
1168881,636
1169529,648
1170177,648
1170813,636
1171433,620
1172041,608
1172625,584
1173209,584
1173801,592
1174437,636
1175121,684
1175813,692
1176477,664
1177157,680
1177833,676
1178513,680
1179193,680
1179857,664
1180517,660
1181165,648
1181809,644
1182433,624
1183045,612
1183645,600
1184245,600
1184845,600
1185449,604
1186053,604
1186669,616
1187289,620
1187901,612
1188513,612
1189101,588
1189701,600
1190317,616
1190949,632
1191557,608
1192153,596
1192769,616
1193425,656
1194085,660
1194757,672
1195425,668
1196073,648
1196713,640
1197345,632
1197965,620
1198573,608
1199173,600
1199777,604
1200381,604
1200997,616
1201617,620
1202261,644
1202917,656
1203581,664
1204245,664
1204917,672
1205581,664
1206221,640
1206845,624
1207453,608
1208053,600
1208665,612
1209281,616
1209897,616
1210513,616
1211129,616
1211773,644
1212433,660
1213097,664
1213761,664
1214413,652
1215077,664
1215753,676
1216429,676
1217097,668
1217745,648
1218385,640
1219017,632
1219653,636
1220309,656
1220977,668
1221633,656
1222277,644
1222909,632
1223549,640
1224189,640
1224829,640
1225449,620
1226065,616
1226677,612
1227293,616
1227913,620
1228533,620
1229153,620
1229773,620
1230389,616
1230997,608
1231597,600
1232205,608
1232809,604
1233421,612
1234037,616
1234657,620
1235269,612
1235885,616
1236505,620
1237125,620
1237749,624
1238361,612
1238965,604
1239569,604
1240169,600
1240761,592
1241353,592
1241933,580
1242509,576
1243077,568
1243649,572
1244213,564
1244773,560
1245329,556
1245889,560
1246461,572
1247033,572
1247605,572
1248173,568
1248733,560
1249297,564
1249865,568
1250445,580
1251021,576
1251589,568
1252153,564
1252725,572
1253297,572
1253869,572
1254437,568
1254997,560
1255553,556
1256105,552
1256653,548
1257213,560
1257773,560
1258337,564
1258913,576
1259497,584
1260077,580
1260653,576
1261221,568
1261777,556
1262329,552
1262869,540
1263405,536
1263933,528
1264465,532
1265005,540
1265549,544
1266097,548
1266649,552
1267201,552
1267757,556
1268313,556
1268869,556
1269417,548
1269965,548
1270505,540
1271041,536
1271585,544
1272129,544
1272701,572
1273297,596
1273909,612
1274517,608
1275109,592
1275693,584
1276269,576
1276833,564
1277397,564
1277957,560
1278513,556
1279065,552
1279613,548
1280161,548
1280713,552
1281277,564
1281849,572
1282421,572
1282993,572
1283581,588
1284181,600
1284813,632
1285445,632
1286085,640
1286721,636
1287341,620
1287957,616
1288557,600
1289149,592
1289725,576
1290293,568
1290853,560
1291405,552
1291953,548
1292497,544
1293033,536
1293569,536
1294101,532
1294637,536
1295177,540
1295729,552
1296269,540
1296805,536
1297337,532
1297885,548
1298445,560
1299001,556
1299565,564
1300157,592
1300773,616
1301413,640
1302033,620
1302645,612
1303241,596
1303825,584
1304401,576
1304973,572
1305537,564
1306097,560
1306653,556
1307205,552
1307761,556
1308329,568
1308917,588
1309497,580
1310093,596
1310705,612
1311329,624
1311941,612
1312545,604
1313149,604
1313753,604
1314377,624
1315013,636
1315637,624
1316249,612
1316861,612
1317469,608
1318077,608
1318681,604
1319273,592
1319853,580
1320425,572
1320985,560
1321533,548
1322077,544
1322613,536
1323149,536
1323697,548
1324257,560
1324821,564
1325385,564
1325941,556
1326501,560
1327057,556
1327605,548
1328149,544
1328685,536
1329221,536
1329753,532
1330297,544
1330857,560
1331429,572
1332005,576
1332597,592
1333193,596
1333793,600
1334377,584
1334949,572
1335517,568
1336085,568
1336645,560
1337201,556
1337765,564
1338337,572
1338921,584
1339529,608
1340129,600
1340729,600
1341329,600
1341933,604
1342541,608
1343141,600
1343733,592
1344321,588
1344913,592
1345505,592
1346093,588
1346673,580
1347253,580
1347833,580
1348421,588
1349009,588
1349597,588
1350185,588
1350789,604
1351405,616
1352017,612
1352617,600
1353217,600
1353833,616
1354465,632
1355101,636
1355721,620
1356325,604
1356925,600
1357517,592
1358101,584
1358693,592
1359289,596
1359881,592
1360469,588
1361053,584
1361633,580
1362205,572
1362769,564
1363325,556
1363881,556
1364425,544
1364973,548
1365525,552
1366089,564
1366661,572
1367245,584
1367857,612
1368493,636
1369117,624
1369745,628
1370373,628
1371005,632
1371613,608
1372217,604
1372813,596
1373401,588
1373981,580
1374553,572
1375113,560
1376225,1112
1376785,560
1377341,556
1377909,568
1378485,576
1379061,576
1379641,580
1380225,584
1380817,592
1381429,612
1382041,612
1382657,616
1383273,616
1383897,624
1384529,632
1385161,632
1385789,628
1386429,640
1387065,636
1387705,640
1388337,632
1388953,616
1389565,612
1390185,620
1390817,632
1391477,660
1392141,664
1392793,652
1393429,636
1394049,620
1394661,612
1395273,612
1395881,608
1396473,592
1397073,600
1397689,616
1398325,636
1398969,644
1399637,668
1400337,700
1401061,724
1401801,740
1402517,716
1403237,720
1403945,708
1404637,692
1405297,660
1405941,644
1406577,636
1407221,644
1407877,656
1408525,648
1409173,648
1409837,664
1410501,664
1411145,644
1411781,636
1412421,640
1413061,640
1413709,648
1414365,656
1415013,648
1415649,636
1416277,628
1416897,620
1417529,632
1418169,640
1418821,652
1419457,636
1420101,644
1420765,664
1421433,668
1422081,648
1422725,644
1423389,664
1424065,676
1424733,668
1425385,652
1426029,644
1426661,632
1427273,612
1427877,604
1428473,596
1429073,600
1429673,600
1430265,592
1430861,596
1431501,640
1432145,644
1432781,636
1433393,612
1434009,616
1434613,604
1435225,612
1435825,600
1436417,592
1437001,584
1437573,572
1438141,568
1438721,580
1439289,568
1439861,572
1440437,576
1441033,596
1441645,612
1442253,608
1442873,620
1443509,636
1444181,672
1444861,680
1445533,672
1446213,680
1446913,700
1447605,692
1448273,668
1448925,652
1449561,636
1450193,632
1450829,636
1451477,648
1452101,624
1452717,616
1453333,616
1453961,628
1454601,640
1455237,636
1455877,640
1456533,656
1457213,680
1457925,712
1458645,720
1459341,696
1460029,688
1460709,680
1461381,672
1462065,684
1462741,676
1463405,664
1464093,688
1464793,700
1465477,684
1466153,676
1466841,688
1467553,712
1468249,696
1468949,700
1469653,704
1470329,676
1470993,664
1471661,668
1472341,680
1473033,692
1473709,676
1474373,664
1475033,660
1475701,668
1476389,688
1477081,692
1477769,688
1478429,660
1479073,644
1479717,644
1480369,652
1481029,660
1481705,676
1482381,676
1483081,700
1483785,704
1484473,688
1485145,672
1485793,648
1486433,640
1487061,628
1487689,628
1488301,612
1488917,616
1489545,628
1490185,640
1490813,628
1491429,616
1492061,632
1492721,660
1493393,672
1494057,664
1494693,636
1495321,628
1495933,612
1496529,596
1497109,580
1497677,568
1498237,560
1498813,576
1499413,600
1500005,592
1500601,596
1501197,596
1501817,620
1502453,636
1503105,652
1503769,664
1504413,644
1505057,644
1505713,656
1506361,648
1507005,644
1507633,628
1508245,612
1508865,620
1509505,640
1510153,648
1510813,660
1511453,640
1512097,644
1512741,644
1513381,640
1514025,644
1514669,644
1515337,668
1516005,668
1516649,644
1517297,648
1517969,672
1518629,660
1519289,660
1519933,644
1520565,632
1521165,600
1521765,600
1522369,604
1523009,640
1523669,660
1524337,668
1524997,660
1525641,644
1526277,636
1526913,636
1527553,640
1528201,648
1528829,628
1529449,620
1530069,620
1530713,644
1531369,656
1532041,672
1532717,676
1533393,676
1534077,684
1534745,668
1535393,648
1536041,648
1536693,652
1537349,656
1537997,648
1538629,632
1539257,628
1539889,632
1540525,636
1541157,632
1541777,620
1542405,628
1543045,640
1543689,644
1544313,624
1544933,620
1545557,624
1546185,628
1546797,612
1547409,612
1548029,620
1548661,632
1549309,648
1549949,640
1550581,632
1551197,616
1551805,608
1552405,600
1553001,596
1553585,584
1554161,576
1554733,572
1555317,584
1555905,588
1556505,600
1557117,612
1557749,632
1558385,636
1559017,632
1559661,644
1560293,632
1560921,628
1561541,620
1562145,604
1562749,604
1563357,608
1563969,612
1564577,608
1565181,604
1565805,624
1566449,644
1567105,656
1567769,664
1568413,644
1569073,660
1569741,668
1570401,660
1571041,640
1571677,636
1572305,628
1572929,624
1573549,620
1574161,612
1574777,616
1575401,624
1576037,636
1576669,632
1577293,624
1577925,632
1578561,636
1579197,636
1579821,624
1580441,620
1581061,620
1581685,624
1582301,616
1582909,608
1583541,632
1584173,632
1584809,636
1585421,612
1586041,620
1586657,616
1587261,604
1587857,596
1588465,608
1589073,608
1589681,608
1590285,604
1590893,608
1591505,612
1592121,616
1592729,608
1593333,604
1593945,612
1594545,600
1595145,600
1595741,596
1596341,600
1596953,612
1597561,608
1598173,612
1598781,608
1599397,616
1600001,604
1600589,588
1601165,576
1601733,568
1602285,552
1602837,552
1603389,552
1603941,552
1604501,560
1605057,556
1605617,560
1606193,576
1606789,596
1607397,608
1607997,600
1608601,604
1609229,628
1609877,648
1610517,640
1611137,620
1611753,616
1612357,604
1612949,592
1613529,580
1614101,572
1614665,564
1615225,560
1615789,564
1616345,556
1616897,552
1617457,560
1618041,584
1618625,584
1619225,600
1619817,592
1620441,624
1621105,664
1621777,672
1622473,696
1623213,740
1623969,756
1624705,736
1625409,704
1626109,700
1626789,680
1627453,664
1628097,644
1628733,636
1629361,628
1630001,640
1630629,628
1631265,636
1631909,644
1632557,648
1633193,636
1633853,660
1634533,680
1635229,696
1635901,672
1636589,688
1637289,700
1638013,724
1638701,688
1639377,676
1640061,684
1640741,680
1641421,680
1642073,652
1642701,628
1643317,616
1643929,612
1644521,592
1645113,592
1645709,596
1646337,628
1646957,620
1647581,624
1648201,620
1648813,612
1649417,604
1650009,592
1650601,592
1651197,596
1651797,600
1652413,616
1653061,648
1653753,692
1654441,688
1655117,676
1655789,672
1656485,696
1657189,704
1657857,668
1658517,660
1659153,636
1659773,620
1660385,612
1660989,604
1661577,588
1662157,580
1662725,568
1663289,564
1663849,560
1664405,556
1664965,560
1665525,560
1666109,584
1666757,648
1667445,688
1668153,708
1668809,656
1669461,652
1670113,652
1670773,660
1671449,676
1672105,656
1672745,640
1673373,628
1673997,624
1674609,612
1675209,600
1675805,596
1676401,596
1676997,596
1677613,616
1678249,636
1678949,700
1679621,672
1680313,692
1681017,704
1681717,700
1682401,684
1683061,660
1683717,656
1684357,640
1684969,612
1685569,600
1686161,592
1686765,604
1687393,628
1688053,660
1688705,652
1689377,672
1690053,676
1690729,676
1691381,652
1692009,628
1692625,616
1693225,600
1693813,588
1694401,588
1694993,592
1695589,596
1696193,604
1696793,600
1697401,608
1698021,620
1698653,632
1699277,624
1699905,628
1700521,616
1701129,608
1701725,596
1702321,596
1702913,592
1703505,592
1704089,584
1704681,592
1705277,596
1705893,616
1706533,640
1707157,624
1707797,640
1708445,648
1709089,644
1709717,628
1710333,616
1710937,604
1711525,588
1712105,580
1712677,572
1713245,568
1713809,564
1714369,560
1714925,556
1715477,552
1716037,560
1716593,556
1717149,556
1717705,556
1718277,572
1718853,576
1719441,588
1720025,584
1720605,580
1721177,572
1721737,560
1722301,564
1722865,564
1723433,568
1723997,564
1724565,568
1725121,556
1725677,556
1726237,560
1726813,576
1727389,576
1727977,588
1728565,588
1729149,584
1729733,584
1730321,588
1730929,608
1731573,644
1732229,656
1732877,648
1733513,636
1734133,620
1734733,600
1735321,588
1735901,580
1736481,580
1737069,588
1737661,592
1738265,604
1738889,624
1739533,644
1740185,652
1740813,628
1741441,628
1742073,632
1742717,644
1743357,640
1743981,624
1744593,612
1745193,600
1745793,600
1746389,596
1747001,612
1747613,612
1748237,624
1748893,656
1749593,700
1750313,720
1751045,732
1751769,724
1752509,740
1753257,748
1754001,744
1754697,696
1755365,668
1756021,656
1756665,644
1757301,636
1757929,628
1758537,608
1759141,604
1759753,612
1760369,616
1760989,620
1761613,624
1762221,608
1762829,608
1763453,624
1764089,636
1764733,644
1765365,632
1765985,620
1766593,608
1767201,608
1767797,596
1768397,600
1768989,592
1769585,596
1770193,608
1770813,620
1771441,628
1772069,628
1772697,628
1773333,636
1773973,640
1774617,644
1775241,624
1775861,620
1776473,612
1777085,612
1777689,604
1778285,596
1778885,600
1779485,600
1780085,600
1780677,592
1781277,600
1781881,604
1782493,612
1783101,608
1783697,596
1784289,592
1784873,584
1785457,584
1786037,580
1786605,568
1787177,572
1787753,576
1788345,592
1788941,596
1789529,588
1790113,584
1790705,592
1791301,596
1791885,584
1792453,568
1793021,568
1793577,556
1794125,548
1794681,556
1795277,596
1795913,636
1796561,648
1797213,652
1797873,660
1798529,656
1799173,644
1799797,624
1800401,604
1800993,592
1801577,584
1802153,576
1802721,568
1803281,560
1803849,568
1804425,576
1805021,596
1805617,596
1806205,588
1806869,664
1807521,652
1808181,660
1808865,684
1809557,692
1810225,668
1810881,656
1811525,644
1812161,636
1812785,624
1813393,608
1813989,596
1814585,596
1815209,624
1815857,648
1816529,672
1817177,648
1817817,640
1818465,648
1819125,660
1819781,656
1820421,640
1821065,644
1821709,644
1822361,652
1823013,652
1823677,664
1824341,664
1824985,644
1825617,632
1826225,608
1826829,604
1827421,592
1828013,592
1828593,580
1829165,572
1829737,572
1830313,576
1830913,600
1831533,620
1832181,648
1832869,688
1833581,712
1834237,656
1834897,660
1835561,664
1836221,660
1836877,656
1837525,648
1838165,640
1838793,628
1839409,616
1840009,600
1840597,588
1841181,584
1841761,580
1842341,580
1842925,584
1843509,584
1844113,604
1844705,592
1845321,616
1845993,672
1846777,784
1847489,712
1848221,732
1848929,708
1849609,680
1850273,664
1850933,660
1851601,668
1852269,668
1852945,676
1853597,652
1854233,636
1854853,620
1855449,596
1856037,588
1856621,584
1857205,584
1857813,608
1858433,620
1859041,608
1859669,628
1860333,664
1861029,696
1861737,708
1862417,680
1863109,692
1863805,696
1864485,680
1865145,660
1865797,652
1866453,656
1867109,656
1867733,624
1868353,620
1868965,612
1869561,596
1870161,600
1870765,604
1871369,604
1871977,608
1872593,616
1873205,612
1873829,624
1874457,628
1875089,632
1875705,616
1876357,652
1877025,668
1877689,664
1878337,648
1878981,644
1879629,648
1880265,636
1880913,648
1881569,656
1882229,660
1882913,684
1883593,680
1884257,664
1884937,680
1885621,684
1886301,680
1886945,644
1887569,624
1888173,604
1888761,588
1889341,580
1889913,572
1890481,568
1891061,580
1891653,592
1892265,612
1892853,588
1893445,592
1894037,592
1894641,604
1895253,612
1895869,616
1896465,596
1897061,596
1897669,608
1898281,612
1898901,620
1899561,660
1900205,644
1900857,652
1901489,632
1902101,612
1902701,600
1903293,592
1903869,576
1904433,564
1905025,592
1905633,608
1906297,664
1906985,688
1907681,696
1908349,668
1908997,648
1909621,624
1910249,628
1910869,620
1911497,628
1912137,640
1912753,616
1913361,608
1913997,636
1914689,692
1915465,776
1916245,780
1917025,780
1917765,740
1918481,716
1919173,692
1919845,672
1920505,660
1921157,652
1921813,656
1922477,664
1923169,692
1923857,688
1924565,708
1925305,740
1926061,756
1926861,800
1927673,812
1928477,804
1929241,764
1930025,784
1930797,772
1931569,772
1932321,752
1933061,740
1933785,724
1934469,684
1935145,676
1935829,684
1936553,724
1937313,760
1938089,776
1938849,760
1939553,704
1940253,700
1940961,708
1941665,704
1942393,728
1943109,716
1943841,732
1944557,716
1945265,708
1945949,684
1946621,672
1947273,652
1947901,628
1948517,616
1949125,608
1949733,608
1950341,608
1950937,596
1951529,592
1952121,592
1952713,592
1953333,620
1953985,652
1954697,712
1955425,728
1956113,688
1956797,684
1957501,704
1958225,724
1958965,740
1959681,716
1960401,720
1961113,712
1961813,700
1962489,676
1963153,664
1963805,652
1964437,632
1965057,620
1965677,620
1966305,628
1967009,704
1967777,768
1968517,740
1969257,740
1970037,780
1970829,792
1971625,796
1972357,732
1973081,724
1973809,728
1974557,748
1975273,716
1975977,704
1976701,724
1977449,748
1978197,748
1978917,720
1979657,740
1980429,772
1981185,756
1981917,732
1982665,748
1983409,744
1984173,764
1984913,740
1985625,712
1986333,708
1987053,720
1987777,724
1988493,716
1989221,728
1989993,772
1990781,788
1991533,752
1992289,756
1993049,760
1993801,752
1994521,720
1995237,716
1995961,724
1996701,740
1997405,704
1998105,700
1998813,708
1999553,740
2000301,748
2001021,720
2001737,716
2002453,716
2003173,720
2003869,696
2004553,684
2005249,696
2005925,676
2006601,676
2007297,696
2008005,708
2008729,724
2009437,708
2010137,700
2010825,688
2011593,768
2012377,784
2013133,756
2013873,740
2014597,724
2015281,684
2015957,676
2016637,680
2017333,696
2018013,680
2018669,656
2019333,664
2020013,680
2020737,724
2021465,728
2022177,712
2022901,724
2023653,752
2024413,760
2025137,724
2025893,756
2026649,756
2027401,752
2028137,736
2028881,744
2029645,764
2030433,788
2031189,756
2031945,756
2032721,776
2033509,788
2034289,780
2035061,772
2035793,732
2036525,732
2037261,736
2038013,752
2038769,756
2039505,736
2040201,696
2040913,712
2041649,736
2042409,760
2043129,720
2043857,728
2044593,736
2045321,728
2046057,736
2046777,720
2047473,696
2048185,712
2048917,732
2049673,756
2050421,748
2051161,740
2051929,768
2052669,740
2053369,700
2054065,696
2054785,720
2055513,728
2056201,688
2056881,680
2057569,688
2058277,708
2059001,724
2059749,748
2060505,756
2061217,712
2061913,696
2062601,688
2063333,732
2064109,776
2064925,816
2065777,852
2066629,852
2067453,824
2068229,776
2069021,792
2069805,784
2070585,780
2071345,760
2072125,780
2072921,796
2073701,780
2074485,784
2075281,796
2076073,792
2076829,756
2077613,784
2078417,804
2079241,824
2080045,804
2080841,796
2081625,784
2082413,788
2083153,740
2083925,772
2084701,776
2085497,796
2086253,756
2087041,788
2087841,800
2088605,764
2089377,772
2090161,784
2090941,780
2091713,772
2092461,748
2093177,716
2093881,704
2094589,708
2095317,728
2096073,756
2096813,740
2097581,768
2098389,808
2099165,776
2099937,772
2100709,772
2101485,776
2102217,732
2102941,724
2103673,732
2104421,748
2105169,748
2105909,740
2106713,804
2107521,808
2108261,740
2108985,724
2109717,732
2110457,740
2111209,752
2111941,732
2112665,724
2113409,744
2114181,772
2114953,772
2115693,740
2116445,752
2117181,736
2117937,756
2118689,752
2119449,760
2120205,756
2121001,796
2121793,792
2122573,780
2123341,768
2124113,772
2124869,756
2125605,736
2126361,756
2127125,764
2127881,756
2128645,764
2129405,760
2130161,756
2130877,716
2131593,716
2132317,724
2133061,744
2133777,716
2134501,724
2135237,736
2135997,760
2136745,748
2137469,724
2138209,740
2138953,744
2139713,760
2140441,728
2141189,748
2141953,764
2142709,756
2143449,740
2144213,764
2144985,772
2145749,764
2146485,736
2147229,744
2147961,732
2148673,712
2149393,720
2150109,716
2150809,700
2151485,676
2152153,668
2152821,668
2153521,700
2154241,720
2154993,752
2155721,728
2156453,732
2157193,740
2157937,744
2158653,716
2159369,716
2160081,712
2160781,700
2161477,696
2162181,704
2162905,724
2163649,744
2164381,732
2165137,756
2165877,740
2166621,744
2167361,740
2168081,720
2168801,720
2169533,732
2170265,732
2170985,720
2171709,724
2172417,708
2173101,684
2173773,672
2174433,660
2175061,628
2175689,628
2176305,616
2176909,604
2177489,580
2178061,572
2178625,564
2179185,560
2179741,556
2180301,560
2180853,552
2181433,580
2182045,612
2182693,648
2183353,660
2184029,676
2184709,680
2185357,648
2185985,628
2186621,636
2187289,668
2187957,668
2188605,648
2189253,648
2189897,644
2190533,636
2191145,612
2191757,612
2192373,616
2192981,608
2193589,608
2194213,624
2194849,636
2195473,624
2196081,608
2196697,616
2197325,628
2197965,640
2198593,628
2199225,632
2199869,644
2200521,652
2201161,640
2201785,624
2202405,620
2203017,612
2203625,608
2204221,596
2204805,584
2205385,580
2205961,576
2206545,584
2207129,584
2207717,588
2208309,592
2208901,592
2209489,588
2210081,592
2210677,596
2211277,600
2211869,592
2212457,588
2213037,580
2213597,560
2214109,512
2214669,560
2215233,564
2215813,580
2216405,592
2216997,592
2217609,612
2218197,588
2218789,592
2219369,580
2219945,576
2220513,568
2221089,576
2221669,580
2222261,592
2222873,612
2223509,636
2224165,656
2224841,676
2225561,720
2226277,716
2227009,732
2227729,720
2228421,692
2229045,624
2229669,624
2230281,612
2230885,604
2231461,576
2232029,568
2232585,556
2233137,552
2233677,540
2234217,540
2234753,536
2235289,536
2235805,516
2236401,596
2237021,620
2237673,652
2238357,684
2239125,768
2239945,820
2240921,976
2241833,912
2242689,856
2243449,760
2244149,700
2244861,712
2245549,688
2246229,680
2246877,648
2247513,636
2248133,620
2248729,596
2249325,596
2249909,584
2250485,576
2251057,572
2251621,564
2252173,552
2252733,560
2253285,552
2253845,560
2254409,564
2254965,556
2255529,564
2256085,556
2256637,552
2257181,544
2257725,544
2258265,540
2258805,540
2259349,544
2259885,536
2260425,540
2260965,540
2261517,552
2262069,552
2262621,552
2263181,560
2263737,556
2264293,556
2264849,556
2265401,552
2265949,548
2266489,540
2267025,536
2267565,540
2268101,536
2268637,536
2269177,540
2269709,532
2270241,532
2270781,540
2271321,540
2271857,536
2272393,536
2272925,532
2273453,528
2273977,524
2274497,520
2275017,520
2275537,520
2276057,520
2276573,516
2277093,520
2277609,516
2278133,524
2278649,516
2279173,524
2279689,516
2280209,520
2280729,520
2281241,512
2281749,508
2282261,512
2282769,508
2283273,504
2283777,504
2284277,500
2284777,500
2285281,504
2285785,504
2286293,508
2286797,504
2287301,504
2287805,504
2288313,508
2288813,500
2289317,504
2289817,500
2290313,496
2290809,496
2291301,492
2291793,492
2292285,492
2292769,484
2293253,484
2293757,504
2294285,528
2294841,556
2295449,608
2296157,708
2296941,784
2297789,848
2298641,852
2299453,812
2300225,772
2300945,720
2301717,772
2302441,724
2303153,712
2303857,704
2304573,716
2305273,700
2305941,668
2306637,696
2307349,712
2308077,728
2308781,704
2309505,724
2310201,696
2310881,680
2311541,660
2312169,628
2312785,616
2313369,584
2313937,568
2314505,568
2315077,572
2315653,576
2316261,608
2316965,704
2317757,792
2318549,792
2319273,724
2319977,704
2320657,680
2321313,656
2321953,640
2322565,612
2323161,596
2323749,588
2324321,572
2324889,568
2325445,556
2326009,564
2326573,564
2327137,564
2327709,572
2328277,568
2328837,560
2329389,552
2329949,560
2330513,564
2331093,580
2331721,628
2332413,692
2333129,716
2333837,708
2334533,696
2335253,720
2335965,712
2336673,708
2337405,732
2338137,732
2338845,708
2339521,676
2340185,664
2340829,644
2341477,648
2342145,668
2342805,660
2343445,640
2344073,628
2344689,616
2345301,612
2345913,612
2346529,616
2347157,628
2347817,660
2348465,648
2349125,660
2349773,648
2350397,624
2351009,612
2351593,584
2352165,572
2352741,576
2353297,556
2353845,548
2354385,540
2354913,528
2355441,528
2355965,524
2356489,524
2357029,540
2357569,540
2358105,536
2358665,560
2359253,588
2359873,620
2360453,580
2361025,572
2361597,572
2362189,592
2362813,624
2363421,608
2364065,644
2364685,620
2365289,604
2365873,584
2366453,580
2367021,568
2367585,564
2368153,568
2368713,560
2369277,564
2369837,560
2370409,572
2370985,576
2371561,576
2372121,560
2372689,568
2373261,572
2373821,560
2374389,568
2374949,560
2375501,552
2376049,548
2376621,572
2377209,588
2377845,636
2378473,628
2379117,644
2379733,616
2380357,624
2380993,636
2381665,672
2382377,712
2383069,692
2383737,668
2384409,672
2385117,708
2385821,704
2386485,664
2387165,680
2387885,720
2388629,744
2389349,720
2390033,684
2390721,688
2391429,708
2392165,736
2392873,708
2393573,700
2394301,728
2395069,768
2395861,792
2396605,744
2397349,744
2398125,776
2398933,808
2399693,760
2400465,772
2401253,788
2402065,812
2402857,792
2403653,796
2404405,752
2405133,728
2405829,696
2406533,704
2407209,676
2407865,656
2408541,676
2409305,764
2410045,740
2410793,748
2411613,820
2412473,860
2413245,772
2414005,760
2414821,816
2415621,800
2416369,748
2417093,724
2417825,732
2418561,736
2419313,752
2420029,716
2420709,680
2421385,676
2422073,688
2422889,816
2423697,808
2424537,840
2425549,1012
2426521,972
2427369,848
2428289,920
2429229,940
2430169,940
2430977,808
2431817,840
2432637,820
2433385,748
2434217,832
2435169,952
2436205,1036
2437209,1004
2438053,844
2438929,876
2439881,952
2440833,952
2441665,832
2442601,936
2443597,996
2444533,936
2445405,872
2446377,972
2447385,1008
2448305,920
2449153,848
2450025,872
2450941,916
2451793,852
2452629,836
2453517,888
2454441,924
2455293,852
2456193,900
2457113,920
2457913,800
2458737,824
2459593,856
2460469,876
2461281,812
2462089,808
2462925,836
2463793,868
2464609,816
2465465,856
2466345,880
2467189,844
2467973,784
2468737,764
2469457,720
2470245,788
2471037,792
2471869,832
2472745,876
2473541,796
2474317,776
2475073,756
2475861,788
2476625,764
2477353,728
2478065,712
2478817,752
2479525,708
2480241,716
2481009,768
2481857,848
2482773,916
2483649,876
2484457,808
2485333,876
2486237,904
2487109,872
2487901,792
2488713,812
2489529,816
2490373,844
2491145,772
2491929,784
2492793,864
2493725,932
2494589,864
2495405,816
2496253,848
2497101,848
2497901,800
2498677,776
2499485,808
2500349,864
2501157,808
2501953,796
2502753,800
2503553,800
2504305,752
2505069,764
2505849,780
2506645,796
2507385,740
2508161,776
2508961,800
2509737,776
2510537,800
2511373,836
2512269,896
2513193,924
2514081,888
2514953,872
2515745,792
2516525,780
2517289,764
2518089,800
2518901,812
2519721,820
2520497,776
2521357,860
2522149,792
2522933,784
2523709,776
2524525,816
2525357,832
2526169,812
2526921,752
2527689,768
2528481,792
2529277,796
2530033,756
2530849,816
2531737,888
2532653,916
2533557,904
2534417,860
2535201,784
2536017,816
2536841,824
2537681,840
2538457,776
2539265,808
2540097,832
2540961,864
2541765,804
2542541,776
2543305,764
2544049,744
2544829,780
2545581,752
2546377,796
2547257,880
2548153,896
2549029,876
2549837,808
2550673,836
2551521,848
2552405,884
2553241,836
2554093,852
2554945,852
2555809,864
2556613,804
2557465,852
2558345,880
2559209,864
2560093,884
2561001,908
2561897,896
2562713,816
2563561,848
2564413,852
2565229,816
2566045,816
2566817,772
2567617,800
2568505,888
2569401,896
2570301,900
2571133,832
2571993,860
2572857,864
2573697,840
2574509,812
2575285,776
2576001,716
2576721,720
2577441,720
2578197,756
2578937,740
2579697,760
2580457,760
2581249,792
2582065,816
2582885,820
2583689,804
2584429,740
2585145,716
2585857,712
2586609,752
2587421,812
2588257,836
2589069,812
2589913,844
2590833,920
2591757,924
2592637,880
2593489,852
2594389,900
2595285,896
2596153,868
2596973,820
2597821,848
2598705,884
2599601,896
2600441,840
2601225,784
2602001,776
2602773,772
2603553,780
2604309,756
2605161,852
2606037,876
2606893,856
2607757,864
2608653,896
2609541,888
2610401,860
2611205,804
2612069,864
2612953,884
2613845,892
2614669,824
2615533,864
2616413,880
2617253,840
2618093,840
2618957,864
2619829,872
2620717,888
2621597,880
2622457,860
2623237,780
2624025,788
2624813,788
2625645,832
2626453,808
2627237,784
2628045,808
2628889,844
2629757,868
2630593,836
2631357,764
2632129,772
2632925,796
2633825,900
2634705,880
2635505,800
2636329,824
2637185,856
2638037,852
2638873,836
2639673,800
2640501,828
2641369,868
2642221,852
2643025,804
2643881,856
2644737,856
2645601,864
2646437,836
2647205,768
2647961,756
2648737,776
2649557,820
2650417,860
2651281,864
2652097,816
2652897,800
2653725,828
2654537,812
2655353,816
2656117,764
2656897,780
2657717,820
2658573,856
2659413,840
2660273,860
2661145,872
2662009,864
2662865,856
2663737,872
2664617,880
2665461,844
2666313,852
2667205,892
2668101,896
2668953,852
2669789,836
2670661,872
2671553,892
2672417,864
2673249,832
2674025,776
2674809,784
2675621,812
2676445,824
2677261,816
2678045,784
2678837,792
2679613,776
2680373,760
2681093,720
2681825,732
2682553,728
2683293,740
2684009,716
2684721,712
2685449,728
2686181,732
2686909,728
2687629,720
2688353,724
2689101,748
2689885,784
2690681,796
2691445,764
2692257,812
2693069,812
2693933,864
2694725,792
2695577,852
2696441,864
2697277,836
2698073,796
2698909,836
2699757,848
2700605,848
2701397,792
2702225,828
2703069,844
2703921,852
2704717,796
2705541,824
2706373,832
2707209,836
2707997,788
2708821,824
2709669,848
2710489,820
2711269,780
2712073,804
2712925,852
2713789,864
2714609,820
2715461,852
2716325,864
2717213,888
2718017,804
2718833,816
2719681,848
2720533,852
2721369,836
2722157,788
2722953,796
2723793,840
2724653,860
2725553,900
2726465,912
2727281,816
2728121,840
2728969,848
2729809,840
2730605,796
2731381,776
2732181,800
2733041,860
2733945,904
2734785,840
2735653,868
2736529,876
2737409,880
2738217,808
2739049,832
2739913,864
2740765,852
2741577,812
2742421,844
2743285,864
2744113,828
2744941,828
2745789,848
2746673,884
2747501,828
2748385,884
2749257,872
2750145,888
2750949,804
2751777,828
2752637,860
2753497,860
2754329,832
2755153,824
2755985,832
2756829,844
2757673,844
2758461,788
2759277,816
2760121,844
2760965,844
2761765,800
2762565,800
2763377,812
2764185,808
2764961,776
2765741,780
2766501,760
2767253,752
2767981,728
2768753,772
2769513,760
2770257,744
2771009,752
2771785,776
2772581,796
2773393,812
2774209,816
2775001,792
2775829,828
2776669,840
2777521,852
2778329,808
2779181,852
2780049,868
2780941,892
2781761,820
2782613,852
2783489,876
2784389,900
2785261,872
2786073,812
2786917,844
2787753,836
2788545,792
2789321,776
2790101,780
2790905,804
2791717,812
2792497,780
2793301,804
2794161,860
2795029,868
2795825,796
2796641,816
2797473,832
2798313,840
2799093,780
2799905,812
2800741,836
2801561,820
2802369,808
2803197,828
2804045,848
2804829,784
2805645,816
2806465,820
2807257,792
2808045,788
2808857,812
2809713,856
2810549,836
2811341,792
2812153,812
2812989,836
2813809,820
2814597,788
2815405,808
2816225,820
2816997,772
2817785,788
2818593,808
2819437,844
2820273,836
2821101,828
2821929,828
2822797,868
2823593,796
2824429,836
2825269,840
2826089,820
2826865,776
2827625,760
2828401,776
2829221,820
2830053,832
2830849,796
2831689,840
2832569,880
2833365,796
2834185,820
2835017,832
2835845,828
2836617,772
2837425,808
2838237,812
2839053,816
2839833,780
2840657,824
2841517,860
2842365,848
2843201,836
2844057,856
2844937,880
2845745,808
2846561,816
2847369,808
2848181,812
2848937,756
2849717,780
2850505,788
2851309,804
2852061,752
2852805,744
2853573,768
2854397,824
2855237,840
2856045,808
2856845,800
2857665,820
2858489,824
2859289,800
2860073,784
2860853,780
2861673,820
2862473,800
2863241,768
2864025,784
2864857,832
2865717,860
2866509,792
2867337,828
2868169,832
2869009,840
2869777,768
2870557,780
2871377,820
2872253,876
2873145,892
2873961,816
2874777,816
2875609,832
2876453,844
2877297,844
2878081,784
2878889,808
2879709,820
2880541,832
2881337,796
2882169,832
2883013,844
2883829,816
2884617,788
2885425,808
2886237,812
2887013,776
2887761,748
2888521,760
2889305,784
2890109,804
2890897,788
2891725,828
2892569,844
2893361,792
2894165,804
2894989,824
2895837,848
2896633,796
2897441,808
2898237,796
2899045,808
2899817,772
2900625,808
2901457,832
2902229,772
2903017,788
2903841,824
2904681,840
2905461,780
2906189,728
2906913,724
2907665,752
2908457,792
2909285,828
2910145,860
2911013,868
2911861,848
2912649,788
2913449,800
2914237,788
2915025,788
2915793,768
2916561,768
2917349,788
2918121,772
2918901,780
2919697,796
2920489,792
2921301,812
2922073,772
2922845,772
2923625,780
2924421,796
2925237,816
2926077,840
2926881,804
2927705,824
2928513,808
2929317,804
2930097,780
2930893,796
2931697,804
2932505,808
2933309,804
2934113,804
2934925,812
2935745,820
2936549,804
2937349,800
2938153,804
2938961,808
2939729,768
2940509,780
2941293,784
2942077,784
2942849,772
2943605,756
2944365,760
2945161,796
2945949,788
2946745,796
2947513,768
2948289,776
2949081,792
2949861,780
2950637,776
2951417,780
2952213,796
2952985,772
2953717,732
2954453,736
2955165,712
2955853,688
2956581,728
2957333,752
2958065,732
2958809,744
2959597,788
2960409,812
2961217,808
2961981,764
2962745,764
2963513,768
2964297,784
2965089,792
2965853,764
2966641,788
2967465,824
2968301,836
2969121,820
2969933,812
2970745,812
2971577,832
2972417,840
2973185,768
2973965,780
2974785,820
2975617,832
2976445,828
2977237,792
2978045,808
2978885,840
2979737,852
2980541,804
2981325,784
2982105,780
2982937,832
2983793,856
2984597,804
2985413,816
2986257,844
2987125,868
2987941,816
2988745,804
2989553,808
2990361,808
2991173,812
2991953,780
2992769,816
2993625,856
2994489,864
2995293,804
2996133,840
2996973,840
2997797,824
2998585,788
2999369,784
3000173,804
3000985,812
3001793,808
3002557,764
3003345,788
3004149,804
3004981,832
3005793,812
3006581,788
3007381,800
3008173,792
3008965,792
3009705,740
3010469,764
3011241,772
3012045,804
3012861,816
3013621,760
3014409,788
3015189,780
3015933,744
3016689,756
3017437,748
3018161,724
3018889,728
3019601,712
3020301,700
3020997,696
3021693,696
3022381,688
3023069,688
3023757,688
3024461,704
3025153,692
3025869,716
3026617,748
3027401,784
3028185,784
3028973,788
3029737,764
3030449,712
3031161,712
3031865,704
3032601,736
3033357,756
3034081,724
3034809,728
3035541,732
3036285,744
3037045,760
3037801,756
3038545,744
3039313,768
3040073,760
3040841,768
3041629,788
3042397,768
3043157,760
3043897,740
3044633,736
3045369,736
3046125,756
3046901,776
3047685,784
3048441,756
3049185,744
3049925,740
3050653,728
3051361,708
3052065,704
3052753,688
3053433,680
3054105,672
3054781,676
3055457,676
3056133,676
3056809,676
3057489,680
3058161,672
3058849,688
3059565,716
3060369,804
3061197,828
3062025,828
3062809,784
3063593,784
3064369,776
3065165,796
3066005,840
3066853,848
3067741,888
3068537,796
3069333,796
3070181,848
3071065,884
3071941,876
3072749,808
3073573,824
3074405,832
3075257,852
3076117,860
3076977,860
3077789,812
3078561,772
3079329,768
3080101,772
3080881,780
3081665,784
3082449,784
3083269,820
3084113,844
3084981,868
3085809,828
3086625,816
3087445,820
3088281,836
3089141,860
3089941,800
3090757,816
3091581,824
3092417,836
3093245,828
3094029,784
3094849,820
3095693,844
3096533,840
3097341,808
3098141,800
3098969,828
3099817,848
3100657,840
3101461,804
3102277,816
3103089,812
3103845,756
3104597,752
3105337,740
3106085,748
3106817,732
3107525,708
3108257,732
3108993,736
3109721,728
3110453,732
3111177,724
3111921,744
3112657,736
3113361,704
3114073,712
3114785,712
3115513,728
3116245,732
3116973,728
3117697,724
3118461,764
3119209,748
3119929,720
3120641,712
3121365,724
3122057,692
3122761,704
3123533,772
3124345,812
3125173,828
3126025,852
3126861,836
3127665,804
3128433,768
3129181,748
3129889,708
3130593,704
3131305,712
3132037,732
3132805,768
3133581,776
3134341,760
3135133,792
3135977,844
3136865,888
3137669,804
3138493,824
3139317,824
3140077,760
3140857,780
3141629,772
3142393,764
3143137,744
3143889,752
3144653,764
3145421,768
3146197,776
3146933,736
3147673,740
3148401,728
3149153,752
3149913,760
3150669,756
3151485,816
3152337,852
3153233,896
3154041,808
3154849,808
3155689,840
3156517,828
3157357,840
3158181,824
3158945,764
3159721,776
3160521,800
3161345,824
3162157,812
3162973,816
3163821,848
3164641,820
3165461,820
3166273,812
3167101,828
3167881,780
3168653,772
3169425,772
3170193,768
3170989,796
3171789,800
3172585,796
3173337,752
3174045,708
3174741,696
3175433,692
3176225,792
3177049,824
3177865,816
3178641,776
3179437,796
3180245,808
3181069,824
3181885,816
3182661,776
3183385,724
3184125,740
3184857,732
3185649,792
3186481,832
3187293,812
3188041,748
3188805,764
3189577,772
3190393,816
3191237,844
3192049,812
3192901,852
3193793,892
3194709,916
3195557,848
3196425,868
3197317,892
3198213,896
3199089,876
3199917,828
3200761,844
3201637,876
3202489,852
3203341,852
3204133,792
3204905,772
3205709,804
3206533,824
3207401,868
3208321,920
3209177,856
3210045,868
3210925,880
3211765,840
3212585,820
3213373,788
3214121,748
3214801,680
3215493,692
3216165,672
3216829,664
3217481,652
3218157,676
3218913,756
3219693,780
3220485,792
3221245,760
3222029,784
3222777,748
3223537,760
3224317,780
3225125,808
3225941,816
3226717,776
3227497,780
3228281,784
3229077,796
3229865,788
3230633,768
3231405,772
3232189,784
3233009,820
3233829,820
3234621,792
3235433,812
3236261,828
3237101,840
3237869,768
3238617,748
3239381,764
3240161,780
3240973,812
3241781,808
3242585,804
3243373,788
3244137,764
3244885,748
3245625,740
3246353,728
3247085,732
3247817,732
3248557,740
3249317,760
3250069,752
3250801,732
3251505,704
3252209,704
3252913,704
3253649,736
3254417,768
3255217,800
3256013,796
3256809,796
3257601,792
3258385,784
3259181,796
3259985,804
3260749,764
3261493,744
3262269,776
3263089,820
3263937,848
3264801,864
3265641,840
3266485,844
3267365,880
3268213,848
3269037,824
3269853,816
3270629,776
3271397,768
3272157,760
3272889,732
3273621,732
3274369,748
3275133,764
3275881,748
3276609,728
3277357,748
3278129,772
3278905,776
3279697,792
3280477,780
3281249,772
3282005,756
3282749,744
3283485,736
3284205,720
3284913,708
3285613,700
3286305,692
3286997,692
3287697,700
3288417,720
3289161,744
3289897,736
3290613,716
3291337,724
3292057,720
3292769,712
3293473,704
3294177,704
3294873,696
3295553,680
3296241,688
3296917,676
3297601,684
3298361,760
3299193,832
3300081,888
3300977,896
3301857,880
3302709,852
3303537,828
3304337,800
3305113,776
3305873,760
3306569,696
3307281,712
3307981,700
3308697,716
3309409,712
3310105,696
3310793,688
3311497,704
3312213,716
3312909,696
3313629,720
3314373,744
3315125,752
3315857,732
3316581,724
3317285,704
3317985,700
3318665,680
3319353,688
3320057,704
3320773,716
3321501,728
3322197,696
3322905,708
3323609,704
3324365,756
3325161,796
3326005,844
3326801,796
3327605,804
3328437,832
3329301,864
3330169,868
3330993,824
3331773,780
3332549,776
3333361,812
3334185,824
3334957,772
3335805,848
3336685,880
3337497,812
3338341,844
3339201,860
3340065,864
3340917,852
3341789,872
3342553,764
3343325,772